Sno,Date,Time,State/UnionTerritory,ConfirmedIndianNational,ConfirmedForeignNational,Cured,Deaths,Confirmed
1,30/01/20,6:00 PM,Kerala,1,0,0,0,1
2,31/01/20,6:00 PM,Kerala,1,0,0,0,1
3,01/02/20,6:00 PM,Kerala,2,0,0,0,2
4,02/02/20,6:00 PM,Kerala,3,0,0,0,3
5,03/02/20,6:00 PM,Kerala,3,0,0,0,3
6,04/02/20,6:00 PM,Kerala,3,0,0,0,3
7,05/02/20,6:00 PM,Kerala,3,0,0,0,3
8,06/02/20,6:00 PM,Kerala,3,0,0,0,3
9,07/02/20,6:00 PM,Kerala,3,0,0,0,3
10,08/02/20,6:00 PM,Kerala,3,0,0,0,3
11,09/02/20,6:00 PM,Kerala,3,0,0,0,3
12,10/02/20,6:00 PM,Kerala,3,0,0,0,3
13,11/02/20,6:00 PM,Kerala,3,0,0,0,3
14,12/02/20,6:00 PM,Kerala,3,0,0,0,3
15,13/02/20,6:00 PM,Kerala,3,0,0,0,3
16,14/02/20,6:00 PM,Kerala,3,0,0,0,3
17,15/02/20,6:00 PM,Kerala,3,0,0,0,3
18,16/02/20,6:00 PM,Kerala,3,0,0,0,3
19,17/02/20,6:00 PM,Kerala,3,0,0,0,3
20,18/02/20,6:00 PM,Kerala,3,0,0,0,3
21,19/02/20,6:00 PM,Kerala,3,0,0,0,3
22,20/02/20,6:00 PM,Kerala,3,0,0,0,3
23,21/02/20,6:00 PM,Kerala,3,0,0,0,3
24,22/02/20,6:00 PM,Kerala,3,0,0,0,3
25,23/02/20,6:00 PM,Kerala,3,0,0,0,3
26,24/02/20,6:00 PM,Kerala,3,0,0,0,3
27,25/02/20,6:00 PM,Kerala,3,0,0,0,3
28,26/02/20,6:00 PM,Kerala,3,0,0,0,3
29,27/02/20,6:00 PM,Kerala,3,0,0,0,3
30,28/02/20,6:00 PM,Kerala,3,0,0,0,3
31,29/02/20,6:00 PM,Kerala,3,0,0,0,3
32,01/03/20,6:00 PM,Kerala,3,0,0,0,3
33,02/03/20,6:00 PM,Telengana,1,0,0,0,1
34,02/03/20,6:00 PM,Kerala,3,0,0,0,3
35,02/03/20,6:00 PM,Delhi,1,0,0,0,1
36,03/03/20,6:00 PM,Telengana,1,0,0,0,1
37,03/03/20,6:00 PM,Rajasthan,0,1,0,0,1
38,03/03/20,6:00 PM,Kerala,3,0,3,0,3
39,03/03/20,6:00 PM,Delhi,1,0,0,0,1
40,04/03/20,6:00 PM,Uttar Pradesh,6,0,0,0,6
41,04/03/20,6:00 PM,Kerala,3,0,3,0,3
42,04/03/20,6:00 PM,Haryana,0,2,0,0,2
43,04/03/20,6:00 PM,Delhi,1,0,0,0,1
44,04/03/20,6:00 PM,Telengana,1,0,0,0,1
45,04/03/20,6:00 PM,Rajasthan,1,14,0,0,15
46,05/03/20,6:00 PM,Delhi,2,0,0,0,2
47,05/03/20,6:00 PM,Haryana,0,2,0,0,2
48,05/03/20,6:00 PM,Kerala,3,0,3,0,3
49,05/03/20,6:00 PM,Rajasthan,1,14,0,0,15
50,05/03/20,6:00 PM,Telengana,1,0,0,0,1
51,05/03/20,6:00 PM,Uttar Pradesh,7,0,0,0,7
52,06/03/20,6:00 PM,Delhi,3,0,0,0,3
53,06/03/20,6:00 PM,Haryana,0,2,0,0,2
54,06/03/20,6:00 PM,Kerala,3,0,3,0,3
55,06/03/20,6:00 PM,Rajasthan,1,14,0,0,15
56,06/03/20,6:00 PM,Uttar Pradesh,7,0,0,0,7
57,06/03/20,6:00 PM,Telengana,1,0,0,0,1
58,07/03/20,6:00 PM,Kerala,3,0,3,0,3
59,07/03/20,6:00 PM,Uttar Pradesh,7,0,0,0,7
60,07/03/20,6:00 PM,Ladakh,2,0,0,0,2
61,07/03/20,6:00 PM,Telengana,1,0,0,0,1
62,07/03/20,6:00 PM,Tamil Nadu,1,0,0,0,1
63,07/03/20,6:00 PM,Delhi,3,0,0,0,3
64,07/03/20,6:00 PM,Haryana,0,2,0,0,2
65,07/03/20,6:00 PM,Rajasthan,1,14,0,0,15
66,08/03/20,6:00 PM,Ladakh,2,0,0,0,2
67,08/03/20,6:00 PM,Telengana,1,0,0,0,1
68,08/03/20,6:00 PM,Tamil Nadu,1,0,0,0,1
69,08/03/20,6:00 PM,Rajasthan,1,14,0,0,15
70,08/03/20,6:00 PM,Kerala,8,0,3,0,8
71,08/03/20,6:00 PM,Haryana,0,2,0,0,2
72,08/03/20,6:00 PM,Delhi,3,0,0,0,3
73,08/03/20,6:00 PM,Uttar Pradesh,7,0,0,0,7
74,09/03/20,6:00 PM,Ladakh,2,0,0,0,2
75,09/03/20,6:00 PM,Karnataka,1,0,0,0,1
76,09/03/20,6:00 PM,Kerala,9,0,3,0,9
77,09/03/20,6:00 PM,Maharashtra,2,0,0,0,2
78,09/03/20,6:00 PM,Punjab,1,0,0,0,1
79,09/03/20,6:00 PM,Rajasthan,1,14,0,0,15
80,09/03/20,6:00 PM,Tamil Nadu,1,0,0,0,1
81,09/03/20,6:00 PM,Telengana,1,0,0,0,1
82,09/03/20,6:00 PM,Jammu and Kashmir,1,0,0,0,1
83,09/03/20,6:00 PM,Uttar Pradesh,7,0,0,0,7
84,09/03/20,6:00 PM,Haryana,0,2,0,0,2
85,09/03/20,6:00 PM,Delhi,4,0,0,0,4
86,10/03/20,6:00 PM,Uttar Pradesh,7,0,0,0,7
87,10/03/20,6:00 PM,Ladakh,2,0,0,0,2
88,10/03/20,6:00 PM,Delhi,4,0,0,0,4
89,10/03/20,6:00 PM,Haryana,0,2,0,0,2
90,10/03/20,6:00 PM,Karnataka,4,0,0,0,4
91,10/03/20,6:00 PM,Kerala,15,0,3,0,15
92,10/03/20,6:00 PM,Maharashtra,5,0,0,0,5
93,10/03/20,6:00 PM,Punjab,1,0,0,0,1
94,10/03/20,6:00 PM,Rajasthan,1,14,0,0,15
95,10/03/20,6:00 PM,Tamil Nadu,1,0,0,0,1
96,10/03/20,6:00 PM,Telengana,1,0,0,0,1
97,10/03/20,6:00 PM,Jammu and Kashmir,1,0,0,0,1
98,11/03/20,6:00 PM,Maharashtra,2,0,0,0,2
99,11/03/20,6:00 PM,Delhi,5,0,0,0,5
100,11/03/20,6:00 PM,Haryana,0,14,0,0,14
101,11/03/20,6:00 PM,Kerala,17,0,3,0,17
102,11/03/20,6:00 PM,Rajasthan,1,2,0,0,3
103,11/03/20,6:00 PM,Telengana,1,0,0,0,1
104,11/03/20,6:00 PM,Uttar Pradesh,9,0,0,0,9
105,11/03/20,6:00 PM,Ladakh,2,0,0,0,2
106,11/03/20,6:00 PM,Tamil Nadu,1,0,0,0,1
107,11/03/20,6:00 PM,Jammu and Kashmir,1,0,0,0,1
108,11/03/20,6:00 PM,Punjab,1,0,0,0,1
109,11/03/20,6:00 PM,Karnataka,4,0,0,0,4
110,12/03/20,6:00 PM,Delhi,6,0,0,0,6
111,12/03/20,6:00 PM,Haryana,0,14,0,0,14
112,12/03/20,6:00 PM,Kerala,17,0,3,0,17
113,12/03/20,6:00 PM,Rajasthan,1,2,0,0,3
114,12/03/20,6:00 PM,Telengana,1,0,0,0,1
115,12/03/20,6:00 PM,Uttar Pradesh,10,1,0,0,11
116,12/03/20,6:00 PM,Ladakh,3,0,0,0,3
117,12/03/20,6:00 PM,Tamil Nadu,1,0,0,0,1
118,12/03/20,6:00 PM,Jammu and Kashmir,1,0,0,0,1
119,12/03/20,6:00 PM,Punjab,1,0,0,0,1
120,12/03/20,6:00 PM,Karnataka,4,0,0,0,4
121,12/03/20,6:00 PM,Maharashtra,11,0,0,0,11
122,12/03/20,6:00 PM,Andhra Pradesh,1,0,0,0,1
123,13/03/20,6:00 PM,Delhi,6,0,0,0,6
124,13/03/20,6:00 PM,Haryana,0,14,0,0,14
125,13/03/20,6:00 PM,Kerala,19,0,3,0,19
126,13/03/20,6:00 PM,Rajasthan,1,2,0,0,3
127,13/03/20,6:00 PM,Telengana,1,0,0,0,1
128,13/03/20,6:00 PM,Uttar Pradesh,10,1,0,0,11
129,13/03/20,6:00 PM,Ladakh,3,0,0,0,3
130,13/03/20,6:00 PM,Tamil Nadu,1,0,0,0,1
131,13/03/20,6:00 PM,Jammu and Kashmir,1,0,0,0,1
132,13/03/20,6:00 PM,Punjab,1,0,0,0,1
133,13/03/20,6:00 PM,Karnataka,6,0,0,1,6
134,13/03/20,6:00 PM,Maharashtra,14,0,0,0,14
135,13/03/20,6:00 PM,Andhra Pradesh,1,0,0,0,1
136,14/03/20,6:00 PM,Delhi,7,0,1,1,7
137,14/03/20,6:00 PM,Haryana,0,14,0,0,14
138,14/03/20,6:00 PM,Kerala,19,0,3,0,19
139,14/03/20,6:00 PM,Rajasthan,1,2,1,0,3
140,14/03/20,6:00 PM,Telengana,1,0,0,0,1
141,14/03/20,6:00 PM,Uttar Pradesh,11,1,5,0,12
142,14/03/20,6:00 PM,Ladakh,3,0,0,0,3
143,14/03/20,6:00 PM,Tamil Nadu,1,0,0,0,1
144,14/03/20,6:00 PM,Jammu and Kashmir,2,0,0,0,2
145,14/03/20,6:00 PM,Punjab,1,0,0,0,1
146,14/03/20,6:00 PM,Karnataka,6,0,0,1,6
147,14/03/20,6:00 PM,Maharashtra,14,0,0,0,14
148,14/03/20,6:00 PM,Andhra Pradesh,1,0,0,0,1
149,15/03/20,6:00 PM,Andhra Pradesh,1,0,0,0,1
150,15/03/20,6:00 PM,Delhi,7,0,2,1,7
151,15/03/20,6:00 PM,Haryana,0,14,0,0,14
152,15/03/20,6:00 PM,Karnataka,6,0,0,1,6
153,15/03/20,6:00 PM,Kerala,22,0,3,0,22
154,15/03/20,6:00 PM,Maharashtra,32,0,0,0,32
155,15/03/20,6:00 PM,Punjab,1,0,0,0,1
156,15/03/20,6:00 PM,Rajasthan,2,2,3,0,4
157,15/03/20,6:00 PM,Tamil Nadu,1,0,0,0,1
158,15/03/20,6:00 PM,Telengana,3,0,1,0,3
159,15/03/20,6:00 PM,Jammu and Kashmir,2,0,0,0,2
160,15/03/20,6:00 PM,Ladakh,3,0,0,0,3
161,15/03/20,6:00 PM,Uttar Pradesh,12,1,4,0,13
162,15/03/20,6:00 PM,Uttarakhand,1,0,0,0,1
163,16/03/20,6:00 PM,Andhra Pradesh,1,0,0,0,1
164,16/03/20,6:00 PM,Delhi,7,0,2,1,7
165,16/03/20,6:00 PM,Haryana,0,14,0,0,14
166,16/03/20,6:00 PM,Karnataka,6,0,0,1,6
167,16/03/20,6:00 PM,Kerala,23,0,3,0,23
168,16/03/20,6:00 PM,Maharashtra,32,0,0,0,32
169,16/03/20,6:00 PM,Odisha,1,0,0,0,1
170,16/03/20,6:00 PM,Punjab,1,0,0,0,1
171,16/03/20,6:00 PM,Rajasthan,2,2,3,0,4
172,16/03/20,6:00 PM,Tamil Nadu,1,0,0,0,1
173,16/03/20,6:00 PM,Telengana,3,0,1,0,3
174,16/03/20,6:00 PM,Jammu and Kashmir,3,0,0,0,3
175,16/03/20,6:00 PM,Ladakh,4,0,0,0,4
176,16/03/20,6:00 PM,Uttar Pradesh,12,1,4,0,13
177,16/03/20,6:00 PM,Uttarakhand,1,0,0,0,1
178,17/03/20,6:00 PM,Andhra Pradesh,1,0,0,0,1
179,17/03/20,6:00 PM,Delhi,8,0,2,1,8
180,17/03/20,6:00 PM,Haryana,1,14,0,0,15
181,17/03/20,6:00 PM,Karnataka,11,0,0,1,11
182,17/03/20,6:00 PM,Kerala,24,2,3,0,26
183,17/03/20,6:00 PM,Maharashtra,36,3,0,1,39
184,17/03/20,6:00 PM,Odisha,1,0,0,0,1
185,17/03/20,6:00 PM,Punjab,1,0,0,0,1
186,17/03/20,6:00 PM,Rajasthan,2,2,3,0,4
187,17/03/20,6:00 PM,Tamil Nadu,1,0,0,0,1
188,17/03/20,6:00 PM,Telengana,3,2,1,0,5
189,17/03/20,6:00 PM,Jammu and Kashmir,3,0,0,0,3
190,17/03/20,6:00 PM,Ladakh,6,0,0,0,6
191,17/03/20,6:00 PM,Uttar Pradesh,14,1,5,0,15
192,17/03/20,6:00 PM,Uttarakhand,1,0,0,0,1
193,18/03/20,6:00 PM,Andhra Pradesh,1,0,0,0,1
194,18/03/20,6:00 PM,Delhi,9,1,2,1,10
195,18/03/20,6:00 PM,Haryana,3,14,0,0,17
196,18/03/20,6:00 PM,Karnataka,11,0,0,1,11
197,18/03/20,6:00 PM,Kerala,25,2,3,0,27
198,18/03/20,6:00 PM,Maharashtra,39,3,0,1,42
199,18/03/20,6:00 PM,Odisha,1,0,0,0,1
200,18/03/20,6:00 PM,Puducherry,1,0,0,0,1
201,18/03/20,6:00 PM,Punjab,1,0,0,0,1
202,18/03/20,6:00 PM,Rajasthan,2,2,3,0,4
203,18/03/20,6:00 PM,Tamil Nadu,1,0,0,0,1
204,18/03/20,6:00 PM,Telengana,4,2,1,0,6
205,18/03/20,6:00 PM,Jammu and Kashmir,3,0,0,0,3
206,18/03/20,6:00 PM,Ladakh,8,0,0,0,8
207,18/03/20,6:00 PM,Uttar Pradesh,15,1,5,0,16
208,18/03/20,6:00 PM,Uttarakhand,1,0,0,0,1
209,18/03/20,6:00 PM,West Bengal,1,0,0,0,1
210,19/03/20,6:00 PM,Andhra Pradesh,2,0,0,0,2
211,19/03/20,6:00 PM,Chhattisgarh,1,0,0,0,1
212,19/03/20,6:00 PM,Delhi,11,1,3,1,12
213,19/03/20,6:00 PM,Haryana,3,14,0,0,17
214,19/03/20,6:00 PM,Karnataka,14,0,0,1,14
215,19/03/20,6:00 PM,Kerala,25,2,3,0,27
216,19/03/20,6:00 PM,Maharashtra,44,3,0,1,47
217,19/03/20,6:00 PM,Odisha,1,0,0,0,1
218,19/03/20,6:00 PM,Puducherry,1,0,0,0,1
219,19/03/20,6:00 PM,Punjab,2,0,0,1,2
220,19/03/20,6:00 PM,Rajasthan,5,2,3,0,7
221,19/03/20,6:00 PM,Tamil Nadu,2,0,1,0,2
222,19/03/20,6:00 PM,Telengana,4,2,1,0,6
223,19/03/20,6:00 PM,Chandigarh,1,0,0,0,1
224,19/03/20,6:00 PM,Jammu and Kashmir,4,0,0,0,4
225,19/03/20,6:00 PM,Ladakh,8,0,0,0,8
226,19/03/20,6:00 PM,Uttar Pradesh,18,1,9,0,19
227,19/03/20,6:00 PM,Uttarakhand,1,0,0,0,1
228,19/03/20,6:00 PM,West Bengal,1,0,0,0,1
229,20/03/20,6:00 PM,Andhra Pradesh,3,0,0,0,3
230,20/03/20,6:00 PM,Chhattisgarh,1,0,0,0,1
231,20/03/20,6:00 PM,Delhi,16,1,5,1,17
232,20/03/20,6:00 PM,Gujarat,5,0,0,0,5
233,20/03/20,6:00 PM,Haryana,3,14,0,0,17
234,20/03/20,6:00 PM,Karnataka,15,0,1,1,15
235,20/03/20,6:00 PM,Kerala,26,2,3,0,28
236,20/03/20,6:00 PM,Maharashtra,49,3,0,1,52
237,20/03/20,6:00 PM,Odisha,2,0,0,0,2
238,20/03/20,6:00 PM,Puducherry,1,0,0,0,1
239,20/03/20,6:00 PM,Punjab,2,0,0,1,2
240,20/03/20,6:00 PM,Rajasthan,15,2,3,0,17
241,20/03/20,6:00 PM,Tamil Nadu,3,0,1,0,3
242,20/03/20,6:00 PM,Telengana,8,9,1,0,17
243,20/03/20,6:00 PM,Chandigarh,1,0,0,0,1
244,20/03/20,6:00 PM,Jammu and Kashmir,4,0,0,0,4
245,20/03/20,6:00 PM,Ladakh,10,0,0,0,10
246,20/03/20,6:00 PM,Uttar Pradesh,22,1,9,0,23
247,20/03/20,6:00 PM,Uttarakhand,3,0,0,0,3
248,20/03/20,6:00 PM,West Bengal,2,0,0,0,2
249,21/03/20,6:00 PM,Andhra Pradesh,3,0,0,0,3
250,21/03/20,6:00 PM,Chhattisgarh,1,0,0,0,1
251,21/03/20,6:00 PM,Delhi,25,1,5,1,26
252,21/03/20,6:00 PM,Gujarat,7,0,0,0,7
253,21/03/20,6:00 PM,Haryana,3,14,0,0,17
254,21/03/20,6:00 PM,Himachal Pradesh,2,0,0,0,2
255,21/03/20,6:00 PM,Karnataka,15,0,1,1,15
256,21/03/20,6:00 PM,Kerala,33,7,3,0,40
257,21/03/20,6:00 PM,Madhya Pradesh,4,0,0,0,4
258,21/03/20,6:00 PM,Maharashtra,60,3,0,1,63
259,21/03/20,6:00 PM,Odisha,2,0,0,0,2
260,21/03/20,6:00 PM,Puducherry,1,0,0,0,1
261,21/03/20,6:00 PM,Punjab,13,0,0,1,13
262,21/03/20,6:00 PM,Rajasthan,15,2,3,0,17
263,21/03/20,6:00 PM,Tamil Nadu,3,0,1,0,3
264,21/03/20,6:00 PM,Telengana,10,11,1,0,21
265,21/03/20,6:00 PM,Chandigarh,1,0,0,0,1
266,21/03/20,6:00 PM,Jammu and Kashmir,4,0,0,0,4
267,21/03/20,6:00 PM,Ladakh,13,0,0,0,13
268,21/03/20,6:00 PM,Uttar Pradesh,23,1,9,0,24
269,21/03/20,6:00 PM,Uttarakhand,3,0,0,0,3
270,21/03/20,6:00 PM,West Bengal,3,0,0,0,3
271,22/03/20,6:00 PM,Andhra Pradesh,5,0,0,0,5
272,22/03/20,6:00 PM,Bihar,2,0,0,1,2
273,22/03/20,6:00 PM,Chhattisgarh,1,0,0,0,1
274,22/03/20,6:00 PM,Delhi,28,1,5,1,29
275,22/03/20,6:00 PM,Gujarat,18,0,0,1,18
276,22/03/20,6:00 PM,Haryana,7,14,0,0,21
277,22/03/20,6:00 PM,Himachal Pradesh,2,0,0,0,2
278,22/03/20,6:00 PM,Karnataka,26,0,2,1,26
279,22/03/20,6:00 PM,Kerala,45,7,3,0,52
280,22/03/20,6:00 PM,Madhya Pradesh,4,0,0,0,4
281,22/03/20,6:00 PM,Maharashtra,64,3,0,2,67
282,22/03/20,6:00 PM,Odisha,2,0,0,0,2
283,22/03/20,6:00 PM,Puducherry,1,0,0,0,1
284,22/03/20,6:00 PM,Punjab,21,0,0,1,21
285,22/03/20,6:00 PM,Rajasthan,22,2,3,0,24
286,22/03/20,6:00 PM,Tamil Nadu,5,2,1,0,7
287,22/03/20,6:00 PM,Telengana,11,11,1,0,22
288,22/03/20,6:00 PM,Chandigarh,5,0,0,0,5
289,22/03/20,6:00 PM,Jammu and Kashmir,4,0,0,0,4
290,22/03/20,6:00 PM,Ladakh,13,0,0,0,13
291,22/03/20,6:00 PM,Uttar Pradesh,26,1,9,0,27
292,22/03/20,6:00 PM,Uttarakhand,3,0,0,0,3
293,22/03/20,6:00 PM,West Bengal,4,0,0,0,4
294,23/03/20,6:00 PM,Andhra Pradesh,7,0,0,0,7
295,23/03/20,6:00 PM,Bihar,2,0,0,1,2
296,23/03/20,6:00 PM,Chhattisgarh,1,0,0,0,1
297,23/03/20,6:00 PM,Delhi,28,1,5,1,29
298,23/03/20,6:00 PM,Gujarat,29,0,0,1,29
299,23/03/20,6:00 PM,Haryana,12,14,0,0,26
300,23/03/20,6:00 PM,Himachal Pradesh,2,0,0,0,2
301,23/03/20,6:00 PM,Karnataka,33,0,2,1,33
302,23/03/20,6:00 PM,Kerala,60,7,3,0,67
303,23/03/20,6:00 PM,Madhya Pradesh,6,0,0,0,6
304,23/03/20,6:00 PM,Maharashtra,71,3,0,2,74
305,23/03/20,6:00 PM,Odisha,2,0,0,0,2
306,23/03/20,6:00 PM,Puducherry,1,0,0,0,1
307,23/03/20,6:00 PM,Punjab,21,0,0,1,21
308,23/03/20,6:00 PM,Rajasthan,26,2,3,0,28
309,23/03/20,6:00 PM,Tamil Nadu,7,2,1,0,9
310,23/03/20,6:00 PM,Telengana,22,10,1,0,32
311,23/03/20,6:00 PM,Chandigarh,6,0,0,0,6
312,23/03/20,6:00 PM,Jammu and Kashmir,4,0,0,0,4
313,23/03/20,6:00 PM,Ladakh,13,0,0,0,13
314,23/03/20,6:00 PM,Uttar Pradesh,30,1,9,0,31
315,23/03/20,6:00 PM,Uttarakhand,3,0,0,0,3
316,23/03/20,6:00 PM,West Bengal,7,0,0,0,7
317,24/03/20,6:00 PM,Andhra Pradesh,8,0,0,0,8
318,24/03/20,6:00 PM,Bihar,3,0,0,1,3
319,24/03/20,6:00 PM,Chhattisgarh,1,0,0,0,1
320,24/03/20,6:00 PM,Delhi,29,1,6,1,30
321,24/03/20,6:00 PM,Gujarat,32,1,0,1,33
322,24/03/20,6:00 PM,Haryana,14,14,11,0,28
323,24/03/20,6:00 PM,Himachal Pradesh,3,0,0,1,3
324,24/03/20,6:00 PM,Karnataka,37,0,3,1,37
325,24/03/20,6:00 PM,Kerala,87,8,4,0,95
326,24/03/20,6:00 PM,Madhya Pradesh,7,0,0,0,7
327,24/03/20,6:00 PM,Maharashtra,86,3,0,2,89
328,24/03/20,6:00 PM,Manipur,1,0,0,0,1
329,24/03/20,6:00 PM,Odisha,2,0,0,0,2
330,24/03/20,6:00 PM,Puducherry,1,0,0,0,1
331,24/03/20,6:00 PM,Punjab,29,0,0,1,29
332,24/03/20,6:00 PM,Rajasthan,30,2,3,0,32
333,24/03/20,6:00 PM,Tamil Nadu,13,2,1,0,15
334,24/03/20,6:00 PM,Telengana,25,10,1,0,35
335,24/03/20,6:00 PM,Chandigarh,7,0,0,0,7
336,24/03/20,6:00 PM,Jammu and Kashmir,4,0,0,0,4
337,24/03/20,6:00 PM,Ladakh,13,0,0,0,13
338,24/03/20,6:00 PM,Uttar Pradesh,32,1,11,0,33
339,24/03/20,6:00 PM,Uttarakhand,3,1,0,0,4
340,24/03/20,6:00 PM,West Bengal,9,0,0,1,9
341,25/03/20,6:00 PM,Andhra Pradesh,9,0,1,0,9
342,25/03/20,6:00 PM,Bihar,4,0,0,1,4
343,25/03/20,6:00 PM,Chhattisgarh,1,0,0,0,1
344,25/03/20,6:00 PM,Delhi,30,1,6,1,31
345,25/03/20,6:00 PM,Gujarat,37,1,0,1,38
346,25/03/20,6:00 PM,Haryana,14,14,11,0,28
347,25/03/20,6:00 PM,Himachal Pradesh,3,0,0,1,3
348,25/03/20,6:00 PM,Karnataka,41,0,3,1,41
349,25/03/20,6:00 PM,Kerala,101,8,4,0,109
350,25/03/20,6:00 PM,Madhya Pradesh,14,0,0,0,14
351,25/03/20,6:00 PM,Maharashtra,125,3,1,3,128
352,25/03/20,6:00 PM,Manipur,1,0,0,0,1
353,25/03/20,6:00 PM,Mizoram,1,0,0,0,1
354,25/03/20,6:00 PM,Odisha,2,0,0,0,2
355,25/03/20,6:00 PM,Puducherry,1,0,0,0,1
356,25/03/20,6:00 PM,Punjab,29,0,0,1,29
357,25/03/20,6:00 PM,Rajasthan,34,2,3,0,36
358,25/03/20,6:00 PM,Tamil Nadu,16,2,1,0,18
359,25/03/20,6:00 PM,Telengana,25,10,1,0,35
360,25/03/20,6:00 PM,Chandigarh,7,0,0,0,7
361,25/03/20,6:00 PM,Jammu and Kashmir,7,0,1,0,7
362,25/03/20,6:00 PM,Ladakh,13,0,0,0,13
363,25/03/20,6:00 PM,Uttar Pradesh,36,1,11,0,37
364,25/03/20,6:00 PM,Uttarakhand,3,1,0,0,4
365,25/03/20,6:00 PM,West Bengal,9,0,0,1,9
366,26/03/20,6:00 PM,Andaman and Nicobar Islands,1,0,0,0,1
367,26/03/20,6:00 PM,Andhra Pradesh,11,0,1,0,11
368,26/03/20,6:00 PM,Bihar,6,0,0,1,6
369,26/03/20,6:00 PM,Chandigarh,7,0,0,0,7
370,26/03/20,6:00 PM,Chhattisgarh,6,0,0,0,6
371,26/03/20,6:00 PM,Delhi,35,1,6,1,36
372,26/03/20,6:00 PM,Goa,3,0,0,0,3
373,26/03/20,6:00 PM,Gujarat,42,1,0,3,43
374,26/03/20,6:00 PM,Haryana,16,14,11,0,30
375,26/03/20,6:00 PM,Himachal Pradesh,3,0,0,1,3
376,26/03/20,6:00 PM,Jammu and Kashmir,13,0,1,0,13
377,26/03/20,6:00 PM,Karnataka,55,0,3,2,55
378,26/03/20,6:00 PM,Kerala,110,8,6,0,118
379,26/03/20,6:00 PM,Ladakh,13,0,0,0,13
380,26/03/20,6:00 PM,Madhya Pradesh,20,0,0,1,20
381,26/03/20,6:00 PM,Maharashtra,121,3,1,3,124
382,26/03/20,6:00 PM,Manipur,1,0,0,0,1
383,26/03/20,6:00 PM,Mizoram,1,0,0,0,1
384,26/03/20,6:00 PM,Odisha,2,0,0,0,2
385,26/03/20,6:00 PM,Puducherry,1,0,0,0,1
386,26/03/20,6:00 PM,Punjab,33,0,0,1,33
387,26/03/20,6:00 PM,Rajasthan,39,2,3,0,41
388,26/03/20,6:00 PM,Tamil Nadu,20,6,1,1,26
389,26/03/20,6:00 PM,Telengana,34,10,1,0,44
390,26/03/20,6:00 PM,Uttarakhand,4,1,0,0,5
391,26/03/20,6:00 PM,Uttar Pradesh,40,1,11,0,41
392,26/03/20,6:00 PM,West Bengal,10,0,0,1,10
393,27/03/20,10:00 AM,Andaman and Nicobar Islands,1,0,0,0,1
394,27/03/20,10:00 AM,Andhra Pradesh,12,0,1,0,12
395,27/03/20,10:00 AM,Bihar,6,0,0,1,6
396,27/03/20,10:00 AM,Chandigarh,7,0,0,0,7
397,27/03/20,10:00 AM,Chhattisgarh,6,0,0,0,6
398,27/03/20,10:00 AM,Delhi,35,1,6,1,36
399,27/03/20,10:00 AM,Goa,3,0,0,0,3
400,27/03/20,10:00 AM,Gujarat,42,1,0,3,43
401,27/03/20,10:00 AM,Haryana,16,14,11,0,30
402,27/03/20,10:00 AM,Himachal Pradesh,3,0,0,1,3
403,27/03/20,10:00 AM,Jammu and Kashmir,13,0,1,1,13
404,27/03/20,10:00 AM,Karnataka,55,0,3,2,55
405,27/03/20,10:00 AM,Kerala,129,8,11,0,137
406,27/03/20,10:00 AM,Ladakh,13,0,3,0,13
407,27/03/20,10:00 AM,Madhya Pradesh,20,0,0,1,20
408,27/03/20,10:00 AM,Maharashtra,127,3,15,4,130
409,27/03/20,10:00 AM,Manipur,1,0,0,0,1
410,27/03/20,10:00 AM,Mizoram,1,0,0,0,1
411,27/03/20,10:00 AM,Odisha,2,0,0,0,2
412,27/03/20,10:00 AM,Puducherry,1,0,0,0,1
413,27/03/20,10:00 AM,Punjab,33,0,0,1,33
414,27/03/20,10:00 AM,Rajasthan,39,2,3,0,41
415,27/03/20,10:00 AM,Tamil Nadu,23,6,1,1,29
416,27/03/20,10:00 AM,Telengana,35,10,1,0,45
417,27/03/20,10:00 AM,Uttarakhand,4,1,0,0,5
418,27/03/20,10:00 AM,Uttar Pradesh,40,1,11,0,41
419,27/03/20,10:00 AM,West Bengal,10,0,0,1,10
420,28/03/20,6:00 PM,Andhra Pradesh,14,0,1,0,14
421,28/03/20,6:00 PM,Andaman and Nicobar Islands,6,0,0,0,6
422,28/03/20,6:00 PM,Bihar,9,0,0,1,9
423,28/03/20,6:00 PM,Chandigarh,8,0,0,0,8
424,28/03/20,6:00 PM,Chhattisgarh,6,0,0,0,6
425,28/03/20,6:00 PM,Delhi,38,1,6,1,39
426,28/03/20,6:00 PM,Goa,3,0,0,0,3
427,28/03/20,6:00 PM,Gujarat,44,1,0,3,45
428,28/03/20,6:00 PM,Haryana,19,14,12,0,33
429,28/03/20,6:00 PM,Himachal Pradesh,3,0,0,1,3
430,28/03/20,6:00 PM,Jammu and Kashmir,20,0,1,1,20
431,28/03/20,6:00 PM,Karnataka,55,0,3,2,55
432,28/03/20,6:00 PM,Kerala,168,8,11,0,176
433,28/03/20,6:00 PM,Ladakh,13,0,3,0,13
434,28/03/20,6:00 PM,Madhya Pradesh,30,0,0,2,30
435,28/03/20,6:00 PM,Maharashtra,177,3,25,5,180
436,28/03/20,6:00 PM,Manipur,1,0,0,0,1
437,28/03/20,6:00 PM,Mizoram,1,0,0,0,1
438,28/03/20,6:00 PM,Odisha,3,0,0,0,3
439,28/03/20,6:00 PM,Puducherry,1,0,0,0,1
440,28/03/20,6:00 PM,Punjab,38,0,1,1,38
441,28/03/20,6:00 PM,Rajasthan,52,2,3,0,54
442,28/03/20,6:00 PM,Tamil Nadu,34,6,2,1,40
443,28/03/20,6:00 PM,Telengana,46,10,1,0,56
444,28/03/20,6:00 PM,Uttarakhand,4,1,0,0,5
445,28/03/20,6:00 PM,Uttar Pradesh,54,1,11,0,55
446,28/03/20,6:00 PM,West Bengal,15,0,0,1,15
447,29/03/20,7:30 PM,Andhra Pradesh,-,-,1,0,19
448,29/03/20,7:30 PM,Andaman and Nicobar Islands,-,-,0,0,9
449,29/03/20,7:30 PM,Bihar,-,-,0,1,11
450,29/03/20,7:30 PM,Chandigarh,-,-,0,0,8
451,29/03/20,7:30 PM,Chhattisgarh,-,-,0,0,7
452,29/03/20,7:30 PM,Delhi,-,-,6,2,49
453,29/03/20,7:30 PM,Goa,-,-,0,0,5
454,29/03/20,7:30 PM,Gujarat,-,-,1,5,58
455,29/03/20,7:30 PM,Haryana,-,-,17,0,33
456,29/03/20,7:30 PM,Himachal Pradesh,-,-,0,1,3
457,29/03/20,7:30 PM,Jammu and Kashmir,-,-,1,2,31
458,29/03/20,7:30 PM,Karnataka,-,-,5,3,76
459,29/03/20,7:30 PM,Kerala,-,-,15,1,182
460,29/03/20,7:30 PM,Ladakh,-,-,3,0,13
461,29/03/20,7:30 PM,Madhya Pradesh,-,-,0,2,30
462,29/03/20,7:30 PM,Maharashtra,-,-,25,6,186
463,29/03/20,7:30 PM,Manipur,-,-,0,0,1
464,29/03/20,7:30 PM,Mizoram,-,-,0,0,1
465,29/03/20,7:30 PM,Odisha,-,-,0,0,3
466,29/03/20,7:30 PM,Puducherry,-,-,0,0,1
467,29/03/20,7:30 PM,Punjab,-,-,1,1,38
468,29/03/20,7:30 PM,Rajasthan,-,-,3,0,55
469,29/03/20,7:30 PM,Tamil Nadu,-,-,4,1,49
470,29/03/20,7:30 PM,Telengana,-,-,1,1,66
471,29/03/20,7:30 PM,Uttarakhand,-,-,2,0,7
472,29/03/20,7:30 PM,Uttar Pradesh,-,-,11,0,65
473,29/03/20,7:30 PM,West Bengal,-,-,0,1,18
474,30/03/20,9:30 PM,Andhra Pradesh,-,-,1,0,23
475,30/03/20,9:30 PM,Andaman and Nicobar Islands,-,-,0,0,9
476,30/03/20,9:30 PM,Bihar,-,-,0,1,15
477,30/03/20,9:30 PM,Chandigarh,-,-,0,0,8
478,30/03/20,9:30 PM,Chhattisgarh,-,-,0,0,7
479,30/03/20,9:30 PM,Delhi,-,-,6,2,87
480,30/03/20,9:30 PM,Goa,-,-,0,0,5
481,30/03/20,9:30 PM,Gujarat,-,-,1,6,69
482,30/03/20,9:30 PM,Haryana,-,-,18,0,36
483,30/03/20,9:30 PM,Himachal Pradesh,-,-,0,1,3
484,30/03/20,9:30 PM,Jammu and Kashmir,-,-,2,2,48
485,30/03/20,9:30 PM,Karnataka,-,-,5,3,83
486,30/03/20,9:30 PM,Kerala,-,-,19,1,202
487,30/03/20,9:30 PM,Ladakh,-,-,3,0,13
488,30/03/20,9:30 PM,Madhya Pradesh,-,-,0,3,47
489,30/03/20,9:30 PM,Maharashtra,-,-,25,8,198
490,30/03/20,9:30 PM,Manipur,-,-,0,0,1
491,30/03/20,9:30 PM,Mizoram,-,-,0,0,1
492,30/03/20,9:30 PM,Odisha,-,-,0,0,3
493,30/03/20,9:30 PM,Puducherry,-,-,0,0,1
494,30/03/20,9:30 PM,Punjab,-,-,1,1,38
495,30/03/20,9:30 PM,Rajasthan,-,-,3,0,59
496,30/03/20,9:30 PM,Tamil Nadu,-,-,4,1,67
497,30/03/20,9:30 PM,Telengana,-,-,1,1,71
498,30/03/20,9:30 PM,Uttarakhand,-,-,2,0,7
499,30/03/20,9:30 PM,Uttar Pradesh,-,-,11,0,82
500,30/03/20,9:30 PM,West Bengal,-,-,0,1,22
501,30/03/20,9:30 PM,Unassigned,-,-,0,0,46
502,31/03/20,8:30 PM,Andhra Pradesh,-,-,1,0,40
503,31/03/20,8:30 PM,Andaman and Nicobar Islands,-,-,0,0,10
504,31/03/20,8:30 PM,Bihar,-,-,0,1,15
505,31/03/20,8:30 PM,Chandigarh,-,-,0,0,13
506,31/03/20,8:30 PM,Chhattisgarh,-,-,0,0,8
507,31/03/20,8:30 PM,Delhi,-,-,6,2,97
508,31/03/20,8:30 PM,Goa,-,-,0,0,5
509,31/03/20,8:30 PM,Gujarat,-,-,3,6,73
510,31/03/20,8:30 PM,Haryana,-,-,21,0,40
511,31/03/20,8:30 PM,Himachal Pradesh,-,-,0,1,3
512,31/03/20,8:30 PM,Jammu and Kashmir,-,-,2,2,54
513,31/03/20,8:30 PM,Karnataka,-,-,5,3,83
514,31/03/20,8:30 PM,Kerala,-,-,19,1,234
515,31/03/20,8:30 PM,Ladakh,-,-,3,0,13
516,31/03/20,8:30 PM,Madhya Pradesh,-,-,0,3,47
517,31/03/20,8:30 PM,Maharashtra,-,-,39,9,216
518,31/03/20,8:30 PM,Manipur,-,-,0,0,1
519,31/03/20,8:30 PM,Mizoram,-,-,0,0,1
520,31/03/20,8:30 PM,Odisha,-,-,0,0,3
521,31/03/20,8:30 PM,Puducherry,-,-,0,0,1
522,31/03/20,8:30 PM,Punjab,-,-,1,3,41
523,31/03/20,8:30 PM,Rajasthan,-,-,3,0,74
524,31/03/20,8:30 PM,Tamil Nadu,-,-,4,1,74
525,31/03/20,8:30 PM,Telengana,-,-,1,1,79
526,31/03/20,8:30 PM,Uttarakhand,-,-,2,0,7
527,31/03/20,8:30 PM,Uttar Pradesh,-,-,14,0,101
528,31/03/20,8:30 PM,West Bengal,-,-,0,2,26
529,31/03/20,8:30 PM,Unassigned,-,-,0,0,38
530,01/04/20,7:30 PM,Andhra Pradesh,-,-,1,0,83
531,01/04/20,7:30 PM,Andaman and Nicobar Islands,-,-,0,0,10
532,01/04/20,7:30 PM,Assam,-,-,0,0,1
533,01/04/20,7:30 PM,Bihar,-,-,0,1,23
534,01/04/20,7:30 PM,Chandigarh,-,-,0,0,16
535,01/04/20,7:30 PM,Chhattisgarh,-,-,2,0,9
536,01/04/20,7:30 PM,Delhi,-,-,6,2,152
537,01/04/20,7:30 PM,Goa,-,-,0,0,5
538,01/04/20,7:30 PM,Gujarat,-,-,5,6,82
539,01/04/20,7:30 PM,Haryana,-,-,21,0,43
540,01/04/20,7:30 PM,Himachal Pradesh,-,-,0,1,3
541,01/04/20,7:30 PM,Jammu and Kashmir,-,-,2,2,62
542,01/04/20,7:30 PM,Jharkhand,-,-,0,0,1
543,01/04/20,7:30 PM,Karnataka,-,-,8,3,101
544,01/04/20,7:30 PM,Kerala,-,-,23,2,241
545,01/04/20,7:30 PM,Ladakh,-,-,3,0,13
546,01/04/20,7:30 PM,Madhya Pradesh,-,-,0,3,66
547,01/04/20,7:30 PM,Maharashtra,-,-,39,9,302
548,01/04/20,7:30 PM,Manipur,-,-,0,0,1
549,01/04/20,7:30 PM,Mizoram,-,-,0,0,1
550,01/04/20,7:30 PM,Odisha,-,-,0,0,4
551,01/04/20,7:30 PM,Puducherry,-,-,1,0,3
552,01/04/20,7:30 PM,Punjab,-,-,1,3,42
553,01/04/20,7:30 PM,Rajasthan,-,-,3,0,93
554,01/04/20,7:30 PM,Tamil Nadu,-,-,6,1,234
555,01/04/20,7:30 PM,Telengana,-,-,1,3,96
556,01/04/20,7:30 PM,Uttarakhand,-,-,2,0,7
557,01/04/20,7:30 PM,Uttar Pradesh,-,-,14,2,103
558,01/04/20,7:30 PM,West Bengal,-,-,6,3,37
559,02/04/20,6:00 PM,Andhra Pradesh,-,-,1,1,86
560,02/04/20,6:00 PM,Andaman and Nicobar Islands,-,-,0,0,10
561,02/04/20,6:00 PM,Assam,-,-,0,0,5
562,02/04/20,6:00 PM,Bihar,-,-,0,1,24
563,02/04/20,6:00 PM,Chandigarh,-,-,0,0,16
564,02/04/20,6:00 PM,Chhattisgarh,-,-,2,0,9
565,02/04/20,6:00 PM,Delhi,-,-,8,4,219
566,02/04/20,6:00 PM,Goa,-,-,0,0,5
567,02/04/20,6:00 PM,Gujarat,-,-,8,7,87
568,02/04/20,6:00 PM,Haryana,-,-,21,0,43
569,02/04/20,6:00 PM,Himachal Pradesh,-,-,1,1,3
570,02/04/20,6:00 PM,Jammu and Kashmir,-,-,2,2,62
571,02/04/20,6:00 PM,Jharkhand,-,-,0,0,1
572,02/04/20,6:00 PM,Karnataka,-,-,9,3,110
573,02/04/20,6:00 PM,Kerala,-,-,25,2,265
574,02/04/20,6:00 PM,Ladakh,-,-,3,0,13
575,02/04/20,6:00 PM,Madhya Pradesh,-,-,0,6,99
576,02/04/20,6:00 PM,Maharashtra,-,-,42,13,335
577,02/04/20,6:00 PM,Manipur,-,-,0,0,1
578,02/04/20,6:00 PM,Mizoram,-,-,0,0,1
579,02/04/20,6:00 PM,Odisha,-,-,0,0,4
580,02/04/20,6:00 PM,Puducherry,-,-,1,0,3
581,02/04/20,6:00 PM,Punjab,-,-,1,4,46
582,02/04/20,6:00 PM,Rajasthan,-,-,3,0,108
583,02/04/20,6:00 PM,Tamil Nadu,-,-,6,1,234
584,02/04/20,6:00 PM,Telengana,-,-,1,3,107
585,02/04/20,6:00 PM,Uttarakhand,-,-,2,0,7
586,02/04/20,6:00 PM,Uttar Pradesh,-,-,14,2,113
587,02/04/20,6:00 PM,West Bengal,-,-,6,3,53
588,03/04/20,6:00 PM,Andhra Pradesh,-,-,1,1,132
589,03/04/20,6:00 PM,Andaman and Nicobar Islands,-,-,0,0,10
590,03/04/20,6:00 PM,Arunachal Pradesh,-,-,0,0,1
591,03/04/20,6:00 PM,Assam,-,-,0,0,16
592,03/04/20,6:00 PM,Bihar,-,-,0,1,29
593,03/04/20,6:00 PM,Chandigarh,-,-,0,0,18
594,03/04/20,6:00 PM,Chhattisgarh,-,-,3,0,9
595,03/04/20,6:00 PM,Delhi,-,-,8,4,219
596,03/04/20,6:00 PM,Goa,-,-,0,0,6
597,03/04/20,6:00 PM,Gujarat,-,-,10,8,95
598,03/04/20,6:00 PM,Haryana,-,-,24,0,49
599,03/04/20,6:00 PM,Himachal Pradesh,-,-,1,1,6
600,03/04/20,6:00 PM,Jammu and Kashmir,-,-,3,2,75
601,03/04/20,6:00 PM,Jharkhand,-,-,0,0,2
602,03/04/20,6:00 PM,Karnataka,-,-,10,3,124
603,03/04/20,6:00 PM,Kerala,-,-,27,2,286
604,03/04/20,6:00 PM,Ladakh,-,-,3,0,14
605,03/04/20,6:00 PM,Madhya Pradesh,-,-,0,6,104
606,03/04/20,6:00 PM,Maharashtra,-,-,42,16,335
607,03/04/20,6:00 PM,Manipur,-,-,0,0,2
608,03/04/20,6:00 PM,Mizoram,-,-,0,0,1
609,03/04/20,6:00 PM,Odisha,-,-,0,0,5
610,03/04/20,6:00 PM,Puducherry,-,-,1,0,5
611,03/04/20,6:00 PM,Punjab,-,-,1,5,48
612,03/04/20,6:00 PM,Rajasthan,-,-,3,0,167
613,03/04/20,6:00 PM,Tamil Nadu,-,-,6,1,309
614,03/04/20,6:00 PM,Telengana,-,-,1,7,158
615,03/04/20,6:00 PM,Uttarakhand,-,-,2,0,10
616,03/04/20,6:00 PM,Uttar Pradesh,-,-,14,2,172
617,03/04/20,6:00 PM,West Bengal,-,-,3,3,63
618,03/04/20,6:00 PM,Unassigned,-,-,0,0,77
619,04/04/20,6:00 PM,Andhra Pradesh,-,-,1,1,161
620,04/04/20,6:00 PM,Andaman and Nicobar Islands,-,-,0,0,10
621,04/04/20,6:00 PM,Arunachal Pradesh,-,-,0,0,1
622,04/04/20,6:00 PM,Assam,-,-,0,0,24
623,04/04/20,6:00 PM,Bihar,-,-,0,1,30
624,04/04/20,6:00 PM,Chandigarh,-,-,0,0,18
625,04/04/20,6:00 PM,Chhattisgarh,-,-,3,0,9
626,04/04/20,6:00 PM,Delhi,-,-,15,6,445
627,04/04/20,6:00 PM,Goa,-,-,0,0,7
628,04/04/20,6:00 PM,Gujarat,-,-,14,10,105
629,04/04/20,6:00 PM,Haryana,-,-,24,0,49
630,04/04/20,6:00 PM,Himachal Pradesh,-,-,1,1,6
631,04/04/20,6:00 PM,Jammu and Kashmir,-,-,3,2,75
632,04/04/20,6:00 PM,Jharkhand,-,-,0,0,2
633,04/04/20,6:00 PM,Karnataka,-,-,12,3,128
634,04/04/20,6:00 PM,Kerala,-,-,41,2,295
635,04/04/20,6:00 PM,Ladakh,-,-,3,0,14
636,04/04/20,6:00 PM,Madhya Pradesh,-,-,0,6,104
637,04/04/20,6:00 PM,Maharashtra,-,-,42,24,490
638,04/04/20,6:00 PM,Manipur,-,-,0,0,2
639,04/04/20,6:00 PM,Mizoram,-,-,0,0,1
640,04/04/20,6:00 PM,Odisha,-,-,0,0,5
641,04/04/20,6:00 PM,Puducherry,-,-,1,0,5
642,04/04/20,6:00 PM,Punjab,-,-,1,5,57
643,04/04/20,6:00 PM,Rajasthan,-,-,21,0,200
644,04/04/20,6:00 PM,Tamil Nadu,-,-,6,2,411
645,04/04/20,6:00 PM,Telengana,-,-,1,7,159
646,04/04/20,6:00 PM,Uttarakhand,-,-,2,0,16
647,04/04/20,6:00 PM,Uttar Pradesh,-,-,19,2,174
648,04/04/20,6:00 PM,West Bengal,-,-,3,3,69
649,05/04/20,6:00 PM,Andhra Pradesh,-,-,1,1,190
650,05/04/20,6:00 PM,Andaman and Nicobar Islands,-,-,0,0,10
651,05/04/20,6:00 PM,Arunachal Pradesh,-,-,0,0,1
652,05/04/20,6:00 PM,Assam,-,-,0,0,26
653,05/04/20,6:00 PM,Bihar,-,-,0,1,30
654,05/04/20,6:00 PM,Chandigarh,-,-,0,0,18
655,05/04/20,6:00 PM,Chhattisgarh,-,-,3,0,9
656,05/04/20,6:00 PM,Delhi,-,-,18,7,503
657,05/04/20,6:00 PM,Goa,-,-,0,0,7
658,05/04/20,6:00 PM,Gujarat,-,-,18,11,122
659,05/04/20,6:00 PM,Haryana,-,-,25,1,59
660,05/04/20,6:00 PM,Himachal Pradesh,-,-,1,1,6
661,05/04/20,6:00 PM,Jammu and Kashmir,-,-,4,2,106
662,05/04/20,6:00 PM,Jharkhand,-,-,0,0,3
663,05/04/20,6:00 PM,Karnataka,-,-,12,4,144
664,05/04/20,6:00 PM,Kerala,-,-,49,2,306
665,05/04/20,6:00 PM,Ladakh,-,-,10,0,14
666,05/04/20,6:00 PM,Madhya Pradesh,-,-,0,9,165
667,05/04/20,6:00 PM,Maharashtra,-,-,42,24,490
668,05/04/20,6:00 PM,Manipur,-,-,0,0,2
669,05/04/20,6:00 PM,Mizoram,-,-,0,0,1
670,05/04/20,6:00 PM,Odisha,-,-,0,0,20
671,05/04/20,6:00 PM,Puducherry,-,-,1,0,5
672,05/04/20,6:00 PM,Punjab,-,-,1,5,57
673,05/04/20,6:00 PM,Rajasthan,-,-,21,0,200
674,05/04/20,6:00 PM,Tamil Nadu,-,-,6,3,485
675,05/04/20,6:00 PM,Telengana,-,-,32,7,269
676,05/04/20,6:00 PM,Uttarakhand,-,-,2,0,22
677,05/04/20,6:00 PM,Uttar Pradesh,-,-,19,2,227
678,05/04/20,6:00 PM,West Bengal,-,-,10,3,80
679,06/04/20,6:00 PM,Andhra Pradesh,-,-,1,3,226
680,06/04/20,6:00 PM,Andaman and Nicobar Islands,-,-,0,0,10
681,06/04/20,6:00 PM,Arunachal Pradesh,-,-,0,0,1
682,06/04/20,6:00 PM,Assam,-,-,0,0,26
683,06/04/20,6:00 PM,Bihar,-,-,0,1,32
684,06/04/20,6:00 PM,Chandigarh,-,-,0,0,18
685,06/04/20,6:00 PM,Chhattisgarh,-,-,8,0,10
686,06/04/20,6:00 PM,Delhi,-,-,19,7,523
687,06/04/20,6:00 PM,Goa,-,-,0,0,7
688,06/04/20,6:00 PM,Gujarat,-,-,22,12,144
689,06/04/20,6:00 PM,Haryana,-,-,25,1,84
690,06/04/20,6:00 PM,Himachal Pradesh,-,-,2,1,13
691,06/04/20,6:00 PM,Jammu and Kashmir,-,-,4,2,109
692,06/04/20,6:00 PM,Jharkhand,-,-,0,0,4
693,06/04/20,6:00 PM,Karnataka,-,-,12,4,151
694,06/04/20,6:00 PM,Kerala,-,-,55,2,314
695,06/04/20,6:00 PM,Ladakh,-,-,10,0,14
696,06/04/20,6:00 PM,Madhya Pradesh,-,-,0,9,165
697,06/04/20,6:00 PM,Maharashtra,-,-,56,45,748
698,06/04/20,6:00 PM,Manipur,-,-,0,0,2
699,06/04/20,6:00 PM,Mizoram,-,-,0,0,1
700,06/04/20,6:00 PM,Odisha,-,-,2,0,21
701,06/04/20,6:00 PM,Puducherry,-,-,1,0,5
702,06/04/20,6:00 PM,Punjab,-,-,4,6,76
703,06/04/20,6:00 PM,Rajasthan,-,-,21,0,274
704,06/04/20,6:00 PM,Tamil Nadu,-,-,8,5,571
705,06/04/20,6:00 PM,Telengana,-,-,34,7,321
706,06/04/20,6:00 PM,Uttarakhand,-,-,4,0,26
707,06/04/20,6:00 PM,Uttar Pradesh,-,-,21,3,305
708,06/04/20,6:00 PM,West Bengal,-,-,10,3,80
709,07/04/20,6:00 PM,Andhra Pradesh,-,-,1,3,266
710,07/04/20,6:00 PM,Andaman and Nicobar Islands,-,-,0,0,10
711,07/04/20,6:00 PM,Arunachal Pradesh,-,-,0,0,1
712,07/04/20,6:00 PM,Assam,-,-,0,0,26
713,07/04/20,6:00 PM,Bihar,-,-,0,1,32
714,07/04/20,6:00 PM,Chandigarh,-,-,7,0,18
715,07/04/20,6:00 PM,Chhattisgarh,-,-,9,0,10
716,07/04/20,6:00 PM,Delhi,-,-,21,7,576
717,07/04/20,6:00 PM,Goa,-,-,0,0,7
718,07/04/20,6:00 PM,Gujarat,-,-,25,13,165
719,07/04/20,6:00 PM,Haryana,-,-,25,1,90
720,07/04/20,6:00 PM,Himachal Pradesh,-,-,2,1,13
721,07/04/20,6:00 PM,Jammu and Kashmir,-,-,4,2,116
722,07/04/20,6:00 PM,Jharkhand,-,-,0,0,4
723,07/04/20,6:00 PM,Karnataka,-,-,25,4,175
724,07/04/20,6:00 PM,Kerala,-,-,58,2,327
725,07/04/20,6:00 PM,Ladakh,-,-,10,0,14
726,07/04/20,6:00 PM,Madhya Pradesh,-,-,0,13,229
727,07/04/20,6:00 PM,Maharashtra,-,-,56,48,868
728,07/04/20,6:00 PM,Manipur,-,-,0,0,2
729,07/04/20,6:00 PM,Mizoram,-,-,0,0,1
730,07/04/20,6:00 PM,Odisha,-,-,2,1,42
731,07/04/20,6:00 PM,Puducherry,-,-,1,0,5
732,07/04/20,6:00 PM,Punjab,-,-,4,7,91
733,07/04/20,6:00 PM,Rajasthan,-,-,21,3,288
734,07/04/20,6:00 PM,Tamil Nadu,-,-,8,5,621
735,07/04/20,6:00 PM,Telengana,-,-,35,7,364
736,07/04/20,6:00 PM,Tripura,-,-,0,0,1
737,07/04/20,6:00 PM,Uttarakhand,-,-,5,0,31
738,07/04/20,6:00 PM,Uttar Pradesh,-,-,21,3,305
739,07/04/20,6:00 PM,West Bengal,-,-,13,3,91
740,08/04/20,5:00 PM,Andhra Pradesh,-,-,5,4,305
741,08/04/20,5:00 PM,Andaman and Nicobar Islands,-,-,0,0,10
742,08/04/20,5:00 PM,Arunachal Pradesh,-,-,0,0,1
743,08/04/20,5:00 PM,Assam,-,-,0,0,27
744,08/04/20,5:00 PM,Bihar,-,-,0,1,38
745,08/04/20,5:00 PM,Chandigarh,-,-,7,0,18
746,08/04/20,5:00 PM,Chhattisgarh,-,-,9,0,10
747,08/04/20,5:00 PM,Delhi,-,-,21,9,576
748,08/04/20,5:00 PM,Goa,-,-,0,0,7
749,08/04/20,5:00 PM,Gujarat,-,-,25,13,165
750,08/04/20,5:00 PM,Haryana,-,-,28,3,147
751,08/04/20,5:00 PM,Himachal Pradesh,-,-,2,1,18
752,08/04/20,5:00 PM,Jammu and Kashmir,-,-,4,2,116
753,08/04/20,5:00 PM,Jharkhand,-,-,0,0,4
754,08/04/20,5:00 PM,Karnataka,-,-,25,4,175
755,08/04/20,5:00 PM,Kerala,-,-,70,2,336
756,08/04/20,5:00 PM,Ladakh,-,-,10,0,14
757,08/04/20,5:00 PM,Madhya Pradesh,-,-,0,13,229
758,08/04/20,5:00 PM,Maharashtra,-,-,79,64,1018
759,08/04/20,5:00 PM,Manipur,-,-,0,0,2
760,08/04/20,5:00 PM,Mizoram,-,-,0,0,1
761,08/04/20,5:00 PM,Odisha,-,-,2,1,42
762,08/04/20,5:00 PM,Puducherry,-,-,1,0,5
763,08/04/20,5:00 PM,Punjab,-,-,4,7,91
764,08/04/20,5:00 PM,Rajasthan,-,-,21,3,328
765,08/04/20,5:00 PM,Tamil Nadu,-,-,19,7,690
766,08/04/20,5:00 PM,Telengana,-,-,35,7,427
767,08/04/20,5:00 PM,Tripura,-,-,0,0,1
768,08/04/20,5:00 PM,Uttarakhand,-,-,5,0,31
769,08/04/20,5:00 PM,Uttar Pradesh,-,-,26,3,343
770,08/04/20,5:00 PM,West Bengal,-,-,13,5,99
771,09/04/20,5:00 PM,Andhra Pradesh,-,-,6,4,348
772,09/04/20,5:00 PM,Andaman and Nicobar Islands,-,-,0,0,11
773,09/04/20,5:00 PM,Arunachal Pradesh,-,-,0,0,1
774,09/04/20,5:00 PM,Assam,-,-,0,0,28
775,09/04/20,5:00 PM,Bihar,-,-,0,1,39
776,09/04/20,5:00 PM,Chandigarh,-,-,7,0,18
777,09/04/20,5:00 PM,Chhattisgarh,-,-,9,0,10
778,09/04/20,5:00 PM,Delhi,-,-,21,9,669
779,09/04/20,5:00 PM,Goa,-,-,0,0,7
780,09/04/20,5:00 PM,Gujarat,-,-,25,16,179
781,09/04/20,5:00 PM,Haryana,-,-,29,3,169
782,09/04/20,5:00 PM,Himachal Pradesh,-,-,2,1,18
783,09/04/20,5:00 PM,Jammu and Kashmir,-,-,4,4,158
784,09/04/20,5:00 PM,Jharkhand,-,-,0,0,13
785,09/04/20,5:00 PM,Karnataka,-,-,28,5,181
786,09/04/20,5:00 PM,Kerala,-,-,83,2,345
787,09/04/20,5:00 PM,Ladakh,-,-,10,0,14
788,09/04/20,5:00 PM,Madhya Pradesh,-,-,0,16,259
789,09/04/20,5:00 PM,Maharashtra,-,-,117,72,1135
790,09/04/20,5:00 PM,Manipur,-,-,1,0,2
791,09/04/20,5:00 PM,Mizoram,-,-,0,0,1
792,09/04/20,5:00 PM,Odisha,-,-,2,1,42
793,09/04/20,5:00 PM,Puducherry,-,-,1,0,5
794,09/04/20,5:00 PM,Punjab,-,-,4,8,101
795,09/04/20,5:00 PM,Rajasthan,-,-,21,3,383
796,09/04/20,5:00 PM,Tamil Nadu,-,-,21,8,738
797,09/04/20,5:00 PM,Telengana,-,-,35,7,442
798,09/04/20,5:00 PM,Tripura,-,-,0,0,1
799,09/04/20,5:00 PM,Uttarakhand,-,-,5,0,35
800,09/04/20,5:00 PM,Uttar Pradesh,-,-,31,4,410
801,09/04/20,5:00 PM,West Bengal,-,-,16,5,103
,,,,,,,,
,,,,,,,,
,,,,,,,,
,,,,,,,,
,,,,,,,,